Front,Back
What is the study of history?,"History is the study of past events, people, and societies. Historians use evidence like written records, artifacts, and oral traditions to understand the past."
What are primary sources in history?,"Primary sources are original materials created during a specific time period, such as letters, diaries, pottery, inscriptions, and artifacts. They provide direct evidence about the past."
What are secondary sources?,"Secondary sources are accounts about the past written after events occurred, such as history books, encyclopedias, and documentaries. They interpret or analyze primary sources."
What is the role of archaeology in understanding history?,"Archaeology is the study of past human cultures through excavation and analysis of physical remains like pottery, tools, buildings, and bones. It helps us understand how people lived."
What were hunter-gatherers?,"Hunter-gatherers were early humans who survived by hunting animals and gathering wild plants, berries, and fruits. They lived a nomadic lifestyle and did not settle in one place."
What was the Neolithic Revolution?,"The Neolithic Revolution was the transition from hunting-gathering to agriculture and settlement around 10,000 BCE. People began domesticating plants and animals."
Name three crops first domesticated in ancient India.,"Three early crops were wheat, barley, and rice. These were grown in regions like the Indus Valley and the Gangetic plains."
What is the significance of agriculture in early human societies?,"Agriculture allowed people to settle in one place, store food, build permanent homes, and support larger populations. It led to the development of villages and civilizations."
What tools did Neolithic people use?,"Neolithic people used stone tools, bones, and wood. They developed polished stone axes, arrowheads, and grinding stones for food preparation."
What is the Indus Valley Civilization (Harappan Civilization)?,"The Indus Valley Civilization (c. 2600-1900 BCE) was one of the world's earliest urban civilizations, flourishing in areas of modern-day Pakistan and India. It had well-planned cities like Harappa and Mohenjo-daro."
Name two major cities of the Indus Valley Civilization.,Two major cities were Harappa and Mohenjo-daro. Both had advanced town planning and were major centers of trade and commerce.
What were the features of Indus Valley Civilization towns?,"Features included grid-pattern streets, uniform standardized bricks, advanced drainage systems, public wells, citadels, granaries, and well-planned houses."
What was the main occupation of Indus Valley people?,"The primary occupations were agriculture, animal husbandry (farming cattle, sheep, goats), and trade. They also engaged in craft work like pottery and bead-making."
What was the Indus script?,"The Indus script was a system of writing used by Indus Valley people, consisting of about 400-600 symbols. It remains undeciphered to date."
Why did the Indus Valley Civilization decline?,"Possible reasons include climate change, prolonged drought, drying up of the Saraswati River, natural disasters like floods, and over-exploitation of resources."
What are the Vedas?,"The Vedas are the oldest sacred texts of Hinduism, composed around 3500-1200 BCE in Sanskrit. There are four Vedas: Rigveda, Samaveda, Yajurveda, and Atharvaveda."
What is the Rigveda?,"The Rigveda is the oldest and most important Veda, containing hymns about gods like Indra, Agni, and Varuna. It was composed around 1500-1200 BCE."
What information do the Vedas provide about early Aryan society?,"The Vedas describe the pastoral life of Aryans, their gods, rituals, early social structure (with mentions of Varna system), cattle-rearing, and their migrations into India."
What are megaliths?,"Megaliths are large stone structures used to mark burial sites. They date back about 3000 years and are found in the Deccan, South India, Northeast India, and Kashmir."
What did archaeologists find in megalith burial sites?,"Archaeologists found skeletal remains, pottery, tools, jewelry like bangles and beads, shells, and offerings. These reveal information about burial practices and daily life."
What is Inamgaon?,"Inamgaon is an archaeological site in Maharashtra near the Bhima river where humans lived between 3600-2700 years ago. It shows evidence of settlement, agriculture, and burial practices."
What can burials tell us about ancient societies?,"Burials reveal information about social structure, religious beliefs, daily life (through grave goods), diet (through seeds and bones), and the status of individuals in society."
What were the Mahajanapadas?,"Mahajanapadas were large kingdoms that emerged in India around 6th century BCE. They had defined territories, armies, and administrative systems. There were 16 major Mahajanapadas."
Name three important Mahajanapadas.,"Three important Mahajanapadas were Magadha, Kosala, and Avanti. Magadha eventually became the most powerful."
What is a republic in ancient Indian context?,A republic (Gana-Sangha) was a political system where power was shared among many people rather than held by a single king. The Lichchhavis and Vrijjis were known republics.
What was the Sangha system?,The Sangha was an assembly of nobles or oligarchs who collectively governed a republic. Decisions were made through discussions and voting by members.
How did Magadha become powerful?,"Magadha became powerful under rulers like Bimbisara and Ajatashatru through strong administration, military strength, control of trade routes, and iron resources."
Who was Mahavira?,"Mahavira (599-527 BCE) was the founder of Jainism. He taught the philosophy of non-violence (ahimsa), asceticism, and the concept that every living thing has a soul."
What is Jainism?,"Jainism is a religion founded by Mahavira emphasizing non-violence, asceticism, and self-discipline. Followers believe in avoiding harm to all living beings."
Who was Buddha?,"Siddhartha Gautama, known as Buddha (563-483 BCE), was the founder of Buddhism. He taught the path to end suffering through enlightenment."
What are the Four Noble Truths?,"The Four Noble Truths are: (1) Suffering exists, (2) Suffering has a cause (desire), (3) Suffering can end, (4) The way to end suffering is the Noble Eightfold Path."
What is the significance of these new religions?,"They questioned the authority of Vedas and Brahmins, advocated social equality, promoted moral living, and offered salvation to all people regardless of caste."
Who was Chandragupta Maurya?,Chandragupta Maurya (321-297 BCE) founded the Mauryan Empire with the help of his advisor Chanakya. He established a strong centralized administration and expanded the empire.
What is the Arthashastra?,"The Arthashastra is a treatise on statecraft and economics written by Chanakya (also called Kautilya). It describes principles of governance, administration, and diplomacy."
Who was Ashoka?,Ashoka (269-232 BCE) was Chandragupta Maurya's grandson and the most famous Mauryan emperor. He ruled a vast empire and converted to Buddhism after the Kalinga War.
What was the Kalinga War?,The Kalinga War (261 BCE) was fought by Ashoka to conquer the kingdom of Kalinga (modern Odisha). The massive bloodshed and suffering shocked Ashoka and led him to renounce war.
What is Ashoka's Dhamma?,"Ashoka's Dhamma was a set of moral principles promoting non-violence, kindness, charity, honesty, and respect for all religions. It was his tool for social welfare and unity."
How did Ashoka spread his messages?,Ashoka spread his messages through inscriptions on rocks and pillars called Ashoka's Edicts. These were placed throughout the empire in multiple languages.
What was Pataliputra?,"Pataliputra was the capital of the Mauryan Empire, located on the Ganges river in modern Bihar. It was a major center of administration and trade."
What happened to the Mauryan Empire after Ashoka?,"After Ashoka's death, the Mauryan Empire weakened because his successors couldn't maintain unity or effectively rule. The empire eventually fragmented into smaller kingdoms."
What were the main occupations in early Indian villages?,"Main occupations included agriculture, animal husbandry, pottery-making, weaving, blacksmithing, and craft work. Trade was also an important activity."
How was early Indian society structured?,"Society was organized around occupations and castes. There were Brahmins (priests), Kshatriyas (warriors/rulers), Vaishyas (merchants/farmers), and Shudras (workers/servants)."
What were Sabhas and Samitis?,"Sabhas and Samitis were local assemblies in ancient India. Sabhas were assemblies of Brahmins and elders, while Samitis included a broader population. They helped in local governance."
What were Nagarams?,"Nagarams were merchant guilds or associations in early Indian towns. They organized trade, set standards, and had significant economic and political influence."
How did towns develop in ancient India?,"Towns developed around trade routes, ports, and fertile regions. They grew as centers of trade, craft work, administration, and religious activities."
What was the Silk Road?,"The Silk Road was an ancient trade route connecting China, India, Central Asia, and the Mediterranean. It facilitated trade in silk, spices, and other goods, as well as cultural exchange."
Who were the main traders in ancient India?,"Main traders were merchants, often from Vaishya caste, who organized trade caravans and maritime trade. Guilds like Nagarams organized commerce."
What goods were traded from India?,"India exported spices, cotton, indigo, pearls, precious stones, and ivory. It imported horses from Central Asia and various goods from Southeast Asia and beyond."
Who was Fa Xian?,Fa Xian was a Chinese Buddhist pilgrim who traveled to India around 400 CE to study Buddhism and collect sacred texts. His account provides valuable information about Indian society.
What can be learned from accounts of pilgrims?,"Pilgrims' accounts describe cities, rulers, social practices, religion, trade, and daily life. They provide outsider perspectives on ancient Indian civilization."
What was the Gupta Empire?,"The Gupta Empire (320-550 CE) was a powerful empire in North India founded by Chandragupta I. It's considered the golden age of Indian civilization with advances in art, science, and literature."
Who were some famous Gupta emperors?,"Famous Gupta emperors included Chandragupta I, Samudragupta, and Chandragupta II (Vikramaditya). Samudragupta was known as the 'Napoleon of India' for his conquests."
What is a prashasti?,"A prashasti is an inscription praising and describing a ruler's achievements, conquests, military prowess, and administration. They are important historical sources."
What do Samudragupta's prashasti tell us?,"Samudragupta's prashasti, written by Harishena, describes him as a warrior, learned king, and poet. It lists his conquests and the various types of rulers he defeated."
Who was Harshavardhana?,"Harshavardhana was a powerful 7th-century CE ruler who established a large empire in North India. His biography, Harshacharita, was written by Banabhatta."
Who was Pulakeshin II?,Pulakeshin II was a 7th-century CE ruler of the Chalukya dynasty in South India. He was known for his conflicts with Harshavardhana and conquests against other kingdoms.
What was the role of rulers in patronizing arts and architecture?,"Rulers commissioned temples, monasteries, palaces, and sculptures. They supported poets, scholars, and artists, contributing to cultural and intellectual development."
What is the significance of temple architecture?,"Temples were not only religious centers but also symbols of power. They displayed the rulers' wealth, taste, and devotion. Architecture reflected regional and dynastic styles."
Who was Kalidasa?,"Kalidasa was a celebrated Sanskrit poet and playwright of the Gupta period. His famous works include 'Abhijnana Shakuntalam', 'Raghuvamsha', and 'Kumarsambhava'."
What can be learned from Sanskrit plays like Abhijnana Shakuntalam?,"These plays depict social life, customs, relationships between different classes, treatment of women, and daily life. They also reflect the intellectual and cultural values of the time."
What languages were used for writing in ancient India?,Sanskrit was used for religious and literary works by elite. Prakrit languages were used for common people. Tamil was spoken in South India. Pali was used for Buddhist texts.
What subjects were studied in ancient Indian universities?,"Subjects included Vedas, philosophy, logic, grammar, medicine (Ayurveda), mathematics, and astronomy. Famous centers included Nalanda and Takshashila."
What were Pitakas?,"Pitakas were Buddhist texts written in Pali. The three main Pitakas (Tripitaka) are Sutta Pitaka (teachings), Vinaya Pitaka (rules), and Abhidhamma Pitaka (philosophy)."
What can artifacts tell us about ancient societies?,"Artifacts like pottery, coins, jewelry, tools, and statues reveal information about technology, trade, art, religious beliefs, daily life, and social structure."
